day,time,commercial,color,type,make,model
Sun,2020-05-17T22:27:00Z,FALSE,Blue,Truck,Ford,F-150
Sun,2020-05-17T22:27:02Z,FALSE,Grey,Sedan,Honda,Civic
Sun,2020-05-17T22:27:02Z,FALSE,White,SUV,Lexus,LX
Sun,2020-05-17T22:27:02Z,FALSE,Red,Truck,GMC,Sierra
Sun,2020-05-17T22:27:03Z,FALSE,Green,SUV,Honda,CR-V
Sun,2020-05-17T22:27:04Z,FALSE,Black,SUV,Nissan,Rogue
Sun,2020-05-17T22:27:05Z,FALSE,Black,Sedan,Hyundai,Genesis
Sun,2020-05-17T22:27:06Z,FALSE,Blue,SUV,GMC,Acadia
Sun,2020-05-17T22:27:06Z,FALSE,White,SUV,Honda,Pilot
Sun,2020-05-17T22:27:07Z,FALSE,Blue,Van,Ford,Econoline
Sun,2020-05-17T22:27:08Z,FALSE,Green,SUV,Subaru,Forester
Sun,2020-05-17T22:27:08Z,FALSE,Black,SUV,Honda,CR-V
Sun,2020-05-17T22:27:09Z,FALSE,Silver,Hatch,Honda,Fit
Sun,2020-05-17T22:27:11Z,FALSE,Beige,SUV,Buick,Enclave
Sun,2020-05-17T22:27:15Z,FALSE,White,Truck,Toyota,Tocoma
Sun,2020-05-17T22:27:15Z,FALSE,Red,Hatch,Hyundai,Accent
Sun,2020-05-17T22:27:15Z,FALSE,White,Truck,Chevy,Colorado
Sun,2020-05-17T22:27:16Z,FALSE,White,Hatch,Kia,Soul
Sun,2020-05-17T22:27:17Z,FALSE,Grey,Sedan,Chevy,Camaro
Sun,2020-05-17T22:27:18Z,FALSE,Grey,Truck,NA,NA
Sun,2020-05-17T22:27:20Z,FALSE,Red,Sedan,Honda,Civic
Sun,2020-05-17T22:27:23Z,FALSE,Red,SUV,Honda,CR-V
Sun,2020-05-17T22:27:24Z,FALSE,Beige,Sedan,Nissan,Sentra
Sun,2020-05-17T22:27:24Z,FALSE,Blue,SUV,Mazda,CX-5
Sun,2020-05-17T22:27:24Z,FALSE,White,Truck,Dodge,Ram
Sun,2020-05-17T22:27:26Z,FALSE,Silver,Sedan,Honda,Civic
Sun,2020-05-17T22:27:28Z,FALSE,Blue,Hatch,Subaru,Outback
Sun,2020-05-17T22:27:29Z,FALSE,White,Sedan,Chrysler,300
Sun,2020-05-17T22:27:30Z,FALSE,Grey,Sedan,Honda,Civic
Sun,2020-05-17T22:27:31Z,FALSE,Grey,SUV,Mazda,NA
Sun,2020-05-17T22:27:31Z,FALSE,Silver,SUV,Cadillac,SRX
Sun,2020-05-17T22:27:31Z,FALSE,Grey,Sedan,Infiniti,Q50
Sun,2020-05-17T22:27:33Z,FALSE,Grey,SUV,Honda,CR-V
Sun,2020-05-17T22:27:33Z,FALSE,Grey,SUV,Audi,Q7
Sun,2020-05-17T22:27:34Z,FALSE,White,Sedan,Honda,Civic
Sun,2020-05-17T22:27:35Z,FALSE,Grey,SUV,Audi,Q5
Sun,2020-05-17T22:27:35Z,FALSE,Blue,SUV,Nissan,Rogue
Sun,2020-05-17T22:27:35Z,FALSE,Silver,Sedan,Honda,Civic
Sun,2020-05-17T22:27:37Z,FALSE,Silver,Truck,Chevy,Silverado
Sun,2020-05-17T22:27:37Z,FALSE,Black,SUV,Lexus,RX
Sun,2020-05-17T22:27:39Z,FALSE,White,SUV,Toyota,Forerunner
Sun,2020-05-17T22:27:40Z,FALSE,Green,Hatch,Ford,Focus
Sun,2020-05-17T22:27:44Z,FALSE,Grey,Sedan,Nissan,Altima
Sun,2020-05-17T22:27:45Z,FALSE,Red,SUV,Ford,Explorer
Sun,2020-05-17T22:27:46Z,FALSE,Black,SUV,Lexus,RX
Sun,2020-05-17T22:27:47Z,FALSE,White,SUV,Mazda,CX-5
Sun,2020-05-17T22:27:48Z,TRUE,White,Truck,Ford,F-250
Sun,2020-05-17T22:27:49Z,FALSE,Black,Sedan,Honda,Accord
Sun,2020-05-17T22:27:51Z,FALSE,Blue,Hatch,Nissan,Versa
Sun,2020-05-17T22:27:52Z,FALSE,Black,SUV,Jeep,Wrangler
Sun,2020-05-17T22:27:52Z,FALSE,White,SUV,Lexus,RX
Sun,2020-05-17T22:27:53Z,FALSE,White,Sedan,Mercedes,CLS
Sun,2020-05-17T22:27:53Z,FALSE,White,SUV,Toyota,Rav-4
Sun,2020-05-17T22:27:54Z,FALSE,Blue,Sedan,Toyota,Corolla
Sun,2020-05-17T22:27:55Z,FALSE,Silver,Sedan,Acura,TL
Sun,2020-05-17T22:27:56Z,FALSE,Grey,SUV,Buick,Encore
Sun,2020-05-17T22:27:56Z,FALSE,Black,Sedan,Honda,Civic
Sun,2020-05-17T22:27:57Z,FALSE,Black,SUV,Jeep,Wrangler
Sun,2020-05-17T22:27:58Z,FALSE,White,Truck,Ford,F-150
Sun,2020-05-17T22:27:58Z,FALSE,Black,SUV,Nissan,Rogue
Sun,2020-05-17T22:27:58Z,FALSE,Grey,Hatch,Subaru,Forester
Sun,2020-05-17T22:27:59Z,FALSE,Silver,SUV,Chevy,Tahoe
Sun,2020-05-17T22:28:00Z,FALSE,White,SUV,Land Rover,Range Rover
Sun,2020-05-17T22:28:00Z,FALSE,Silver,SUV,Honda,Pilot
Sun,2020-05-17T22:28:04Z,FALSE,Silver,Sedan,Nissan,Maxima
Sun,2020-05-17T22:28:07Z,FALSE,Blue,Sedan,Honda,Civic
Sun,2020-05-17T22:28:08Z,FALSE,Black,SUV,Jeep,Cherokee
Sun,2020-05-17T22:28:11Z,FALSE,Orange,Hatch,Subaru,Crosstrek
Sun,2020-05-17T22:28:16Z,FALSE,White,Truck,Chevy,Silverado
Sun,2020-05-17T22:28:17Z,FALSE,Grey,Sedan,Mazda,3
Sun,2020-05-17T22:28:21Z,FALSE,Blue,Sedan,Toyota,Avalon
Sun,2020-05-17T22:28:24Z,FALSE,Black,Truck,Chevy,Silverado
Sun,2020-05-17T22:28:25Z,FALSE,Grey,SUV,Mazda,CX-5
Sun,2020-05-17T22:28:26Z,FALSE,Black,SUV,Toyota,Highlander
Sun,2020-05-17T22:28:28Z,FALSE,Green,Hatch,Hyundai,Accent
Sun,2020-05-17T22:28:28Z,FALSE,Red,SUV,Honda,Pilot
Sun,2020-05-17T22:28:29Z,FALSE,Black,Sedan,Toyota,Corolla
Sun,2020-05-17T22:28:29Z,FALSE,Black,SUV,GMC,Denali
Sun,2020-05-17T22:28:31Z,FALSE,Red,SUV,Ford,Escape
Sun,2020-05-17T22:28:31Z,FALSE,Beige,Truck,Chevy,Silverado
Sun,2020-05-17T22:28:31Z,FALSE,Silver,Sedan,Honda,Civic
Sun,2020-05-17T22:28:32Z,FALSE,Blue,Sedan,Honda,Civic
Sun,2020-05-17T22:28:32Z,FALSE,White,SUV,Nissan,Pathfinder
Sun,2020-05-17T22:28:32Z,FALSE,White,Sedan,Toyota,Corolla
Sun,2020-05-17T22:28:34Z,FALSE,Black,Sedan,BMW,5-Series
Sun,2020-05-17T22:28:34Z,FALSE,Silver,Sedan,Toyota,Camry
Sun,2020-05-17T22:28:35Z,FALSE,Black,SUV,Mazda,CX-3
Sun,2020-05-17T22:28:38Z,FALSE,Blue,Sedan,Toyota,Corolla
Sun,2020-05-17T22:28:40Z,FALSE,White,Sedan,Subaru,Legacy
Sun,2020-05-17T22:28:40Z,FALSE,Black,Sedan,Nissan,Altima
Sun,2020-05-17T22:28:41Z,FALSE,Black,Sedan,Honda,Civic
Sun,2020-05-17T22:28:42Z,FALSE,Blue,SUV,Hyundai,Tucson
Sun,2020-05-17T22:28:41Z,FALSE,Black,SUV,Volvo,XC60
Sun,2020-05-17T22:28:43Z,FALSE,Red,Sedan,Volvo,S60
Sun,2020-05-17T22:28:46Z,FALSE,Orange,Hatch,Mini,Cooper
Sun,2020-05-17T22:28:47Z,FALSE,Grey,Minivan,Honda,Odyssey
Sun,2020-05-17T22:28:48Z,FALSE,Blue,Sedan,Audi,A4
Sun,2020-05-17T22:28:56Z,FALSE,Black,SUV,Audi,Q5
Sun,2020-05-17T22:28:56Z,FALSE,Black,SUV,NA,NA
Sun,2020-05-17T22:28:57Z,FALSE,Black,Sedan,Toyota,Prius
Sun,2020-05-17T22:28:58Z,FALSE,Black,SUV,Acura,MDX
Sun,2020-05-17T22:28:58Z,FALSE,Silver,SUV,Honda,Pilot
Sun,2020-05-17T22:29:00Z,FALSE,Blue,SUV,Tesla,Model X
Sun,2020-05-17T22:29:03Z,FALSE,Blue,Sedan,Honda,Accord
Sun,2020-05-17T22:29:05Z,TRUE,White,Van,Dodge,Ram
Sun,2020-05-17T22:29:06Z,FALSE,White,Sedan,BMW,3-Series
Sun,2020-05-17T22:29:06Z,FALSE,Black,SUV,Acura,RSX
Sun,2020-05-17T22:29:07Z,FALSE,White,SUV,Nissan,Armada
Sun,2020-05-17T22:29:09Z,FALSE,White,SUV,Lexus,GX
Sun,2020-05-17T22:29:10Z,FALSE,Grey,Sedan,Toyota,Corolla
Sun,2020-05-17T22:29:10Z,FALSE,Grey,Truck,Chevy,Silverado
Sun,2020-05-17T22:29:13Z,FALSE,Grey,SUV,Hyundai,Tucson
Sun,2020-05-17T22:29:15Z,FALSE,Beige,Sedan,Nissan,Maxima
Sun,2020-05-17T22:29:15Z,FALSE,Grey,SUV,Lexus,GX
Sun,2020-05-17T22:29:15Z,FALSE,Grey,Sedan,Honda,Accord
Sun,2020-05-17T22:29:16Z,FALSE,Silver,Sedan,Chrysler,200
Sun,2020-05-17T22:29:17Z,FALSE,Grey,SUV,Toyota,Rav-4
Sun,2020-05-17T22:29:17Z,FALSE,Grey,Sedan,Honda,Accord
Sun,2020-05-17T22:29:18Z,FALSE,Silver,SUV,Infiniti,QX50
Sun,2020-05-17T22:29:19Z,FALSE,Black,SUV,Volkswagen,Tiguan
Sun,2020-05-17T22:29:19Z,FALSE,White,Truck,Ford,Ranger
Sun,2020-05-17T22:29:19Z,FALSE,Blue,Sedan,Mercedes,E-Class
Sun,2020-05-17T22:29:20Z,FALSE,Silver,SUV,Infiniti,QX50
Sun,2020-05-17T22:29:21Z,FALSE,White,SUV,Ford,Escape
Sun,2020-05-17T22:29:21Z,FALSE,Green,Sedan,Nissan,Altima
Sun,2020-05-17T22:29:25Z,FALSE,Silver,Truck,Toyota,Tacoma
Sun,2020-05-17T22:29:26Z,FALSE,Black,Truck,Chevy,Silverado
Sun,2020-05-17T22:29:28Z,FALSE,Black,Sedan,NA,NA
Sun,2020-05-17T22:29:29Z,FALSE,Black,SUV,Lexus,LX
Sun,2020-05-17T22:29:30Z,FALSE,Green,Sedan,Hyundai,Elantra
Mon,2020-05-18T23:24:01Z,TRUE,Red,Semi,Volvo,VNL 670
Mon,2020-05-18T23:24:02Z,FALSE,White,SUV,Honda,CR-V
Mon,2020-05-18T23:24:03Z,FALSE,Black,Sedan,NA,NA
Mon,2020-05-18T23:24:03Z,FALSE,Red,Truck,Toyota,Tacoma
Mon,2020-05-18T23:24:04Z,FALSE,Silver,SUV,NA,NA
Mon,2020-05-18T23:24:04Z,FALSE,Black,Sedan,Mercedes,E-Class
Mon,2020-05-18T23:24:04Z,FALSE,White,Truck,Chevy,Silverado
Mon,2020-05-18T23:24:05Z,FALSE,Silver,Sedan,Mitsubishi,Lancer
Mon,2020-05-18T23:24:05Z,FALSE,Silver,Sedan,Honda,Civic
Mon,2020-05-18T23:24:06Z,FALSE,Silver,Hatch,Volkswagen,Golf
Mon,2020-05-18T23:24:07Z,FALSE,Blue,Hatch,Subaru,Forester
Mon,2020-05-18T23:24:07Z,FALSE,Beige,Minivan,Toyota,Sienna
Mon,2020-05-18T23:24:10Z,FALSE,Blue,Sedan,Subaru,Impreza
Mon,2020-05-18T23:24:13Z,FALSE,Red,Sedan,Chevy,Camaro
Mon,2020-05-18T23:24:14Z,FALSE,Blue,Hatch,Subaru,Outback
Mon,2020-05-18T23:24:15Z,FALSE,White,Sedan,Nissan,Altima
Mon,2020-05-18T23:24:16Z,FALSE,Black,SUV,Volkswagen,Tiguan
Mon,2020-05-18T23:24:18Z,FALSE,White,Truck,Ford,F-250
Mon,2020-05-18T23:24:19Z,FALSE,Silver,SUV,Toyota,Venza
Mon,2020-05-18T23:24:19Z,FALSE,Red,SUV,Honda,Pilot
Mon,2020-05-18T23:24:20Z,FALSE,Black,Truck,Ford,F-250
Mon,2020-05-18T23:24:21Z,FALSE,Black,Truck,Ford,F-250
Mon,2020-05-18T23:24:21Z,FALSE,White,Sedan,Volkswagen,Jetta
Mon,2020-05-18T23:24:22Z,FALSE,Black,Sedan,Honda,Civic
Mon,2020-05-18T23:24:22Z,FALSE,Grey,Sedan,Hyundai,Accent
Mon,2020-05-18T23:24:24Z,FALSE,Red,Sedan,Chevy,Impala
Mon,2020-05-18T23:24:24Z,FALSE,Silver,Sedan,Mercedes,A-Class
Mon,2020-05-18T23:24:25Z,FALSE,Grey,Sedan,Kia,Forte
Mon,2020-05-18T23:24:29Z,TRUE,Black,Truck,Ford,F-250
Mon,2020-05-18T23:24:30Z,FALSE,Grey,SUV,Honda,Pilot
Mon,2020-05-18T23:24:31Z,FALSE,Grey,Sedan,Audi,RS7
Mon,2020-05-18T23:24:32Z,FALSE,Grey,SUV,Toyota,Land Cruiser
Mon,2020-05-18T23:24:32Z,FALSE,White,Truck,Dodge,Ram
Mon,2020-05-18T23:24:35Z,TRUE,White,Truck,Toyota,Tundra
Mon,2020-05-18T23:24:36Z,FALSE,Grey,Sedan,Lexus,NA
Mon,2020-05-18T23:24:37Z,TRUE,White,Truck,Ford,F-150
Mon,2020-05-18T23:24:37Z,FALSE,White,Sedan,Honda,Civic
Mon,2020-05-18T23:24:38Z,FALSE,Silver,Hatch,Mitsubishi,Mirage
Mon,2020-05-18T23:24:39Z,TRUE,Red,Truck,Ford,F-150
Mon,2020-05-18T23:24:41Z,FALSE,Green,Truck,Toyota,Tundra
Mon,2020-05-18T23:24:42Z,FALSE,Black,Sedan,Nissan,370Z
Mon,2020-05-18T23:24:44Z,FALSE,Red,SUV,Nissan,Rogue
Mon,2020-05-18T23:24:47Z,FALSE,White,SUV,Jeep,Cherokee
Mon,2020-05-18T23:24:47Z,FALSE,Grey,Sedan,NA,NA
Mon,2020-05-18T23:24:48Z,FALSE,Silver,SUV,Honda,CR-V
Mon,2020-05-18T23:24:48Z,FALSE,Black,SUV,Ford,Escape
Mon,2020-05-18T23:24:49Z,FALSE,Black,Truck,Ford,F-150
Mon,2020-05-18T23:24:49Z,FALSE,White,Sedan,Buick,LaCrosse
Mon,2020-05-18T23:24:49Z,FALSE,Beige,SUV,Ford,Explorer
Mon,2020-05-18T23:24:50Z,FALSE,Red,SUV,Honda,CR-V
Mon,2020-05-18T23:24:51Z,FALSE,Black,Truck,Toyota,Tundra
Mon,2020-05-18T23:24:51Z,FALSE,Black,Sedan,Volkswagen,Jetta
Mon,2020-05-18T23:24:52Z,FALSE,Black,Sedan,Ford,Mustang
Mon,2020-05-18T23:24:54Z,FALSE,White,SUV,Toyota,Venza
Mon,2020-05-18T23:24:55Z,TRUE,Black,Truck,GMC,Sierra
Mon,2020-05-18T23:24:57Z,FALSE,Beige,Hatch,Volvo,V70
Mon,2020-05-18T23:24:57Z,FALSE,Black,SUV,Jeep,Cherokee
Mon,2020-05-18T23:24:58Z,TRUE,White,Truck,Ford,F-250
Mon,2020-05-18T23:24:58Z,TRUE,White,Truck,Ford,F-150
Mon,2020-05-18T23:25:01Z,TRUE,Black,Truck,Hino,268
Mon,2020-05-18T23:25:01Z,FALSE,Red,SUV,Honda,CR-V
Mon,2020-05-18T23:25:02Z,FALSE,Grey,Sedan,Nissan,Altima
Mon,2020-05-18T23:25:02Z,FALSE,Black,SUV,BMW,X5
Mon,2020-05-18T23:25:03Z,FALSE,Silver,Truck,Nissan,Frontier
Mon,2020-05-18T23:25:03Z,FALSE,Red,Sedan,Ford,Focus
Mon,2020-05-18T23:25:03Z,FALSE,Blue,Sedan,Volkswagen,Jetta
Mon,2020-05-18T23:25:04Z,FALSE,Black,Sedan,Toyota,Corolla
Mon,2020-05-18T23:25:04Z,FALSE,White,Sedan,Hyundai,Sonata
Mon,2020-05-18T23:25:05Z,FALSE,Red,Sedan,Honda,Civic
Mon,2020-05-18T23:25:06Z,FALSE,Grey,SUV,Jeep,Cherokee
Mon,2020-05-18T23:25:07Z,FALSE,Black,SUV,Mercedes,GLK-Class
Mon,2020-05-18T23:25:08Z,FALSE,Silver,Sedan,Honda,Civic
Mon,2020-05-18T23:25:08Z,FALSE,Grey,Sedan,Buick,Verano
Mon,2020-05-18T23:25:08Z,FALSE,Green,SUV,Jeep,Wrangler
Mon,2020-05-18T23:25:14Z,FALSE,Black,SUV,Ford,Escape
Mon,2020-05-18T23:25:15Z,TRUE,White,Van,Chevy,Express
Mon,2020-05-18T23:25:16Z,FALSE,Red,Truck,Ford,F-150
Mon,2020-05-18T23:25:17Z,FALSE,Red,SUV,Ford,Expedition
Mon,2020-05-18T23:25:17Z,TRUE,White,Truck,GMC,Sierra
Mon,2020-05-18T23:25:17Z,FALSE,Silver,Sedan,Toyota,Corolla
Mon,2020-05-18T23:25:18Z,FALSE,Silver,SUV,Kia,Sorento
Mon,2020-05-18T23:25:20Z,FALSE,Red,Truck,Nissan,Frontier
Mon,2020-05-18T23:25:21Z,FALSE,Grey,Sedan,Audi,A4
Mon,2020-05-18T23:25:21Z,FALSE,White,SUV,Tesla,Model T
Mon,2020-05-18T23:25:22Z,FALSE,Black,Truck,GMC,Sierra
Mon,2020-05-18T23:25:22Z,FALSE,Black,Truck,Ford,F-250
Mon,2020-05-18T23:25:22Z,FALSE,Silver,Sedan,Chevy,Malibu
Mon,2020-05-18T23:25:23Z,FALSE,Black,Truck,Ford,Ranger
Mon,2020-05-18T23:25:24Z,FALSE,White,Sedan,Toyota,Camry
Mon,2020-05-18T23:25:24Z,FALSE,White,SUV,Dodge,Journey
Mon,2020-05-18T23:25:27Z,FALSE,White,Minivan,Dodge,Grand Caravan
Mon,2020-05-18T23:25:27Z,FALSE,Silver,SUV,Mercedes,GLK-Class
Mon,2020-05-18T23:25:27Z,FALSE,Red,Sedan,Dodge,Charger
Mon,2020-05-18T23:25:28Z,FALSE,Black,SUV,Toyota,Rav-4
Mon,2020-05-18T23:25:28Z,FALSE,White,SUV,Acura,MDX
Mon,2020-05-18T23:25:29Z,FALSE,Green,Sedan,Toyota,Corolla
Mon,2020-05-18T23:25:30Z,FALSE,Black,SUV,Nissan,Murano
Mon,2020-05-18T23:25:30Z,FALSE,Black,SUV,Infiniti,QX30
Mon,2020-05-18T23:25:31Z,FALSE,Blue,Sedan,Honda,Civic
Mon,2020-05-18T23:25:31Z,FALSE,Black,Sedan,Mercedes,E-Class
Mon,2020-05-18T23:25:32Z,FALSE,Black,Truck,Ford,F-150
Mon,2020-05-18T23:25:33Z,FALSE,Silver,SUV,Nissan,Rogue
Mon,2020-05-18T23:25:34Z,FALSE,Silver,SUV,Ford,Edge
Mon,2020-05-18T23:25:34Z,FALSE,Black,SUV,Ford,Traverse
Mon,2020-05-18T23:25:36Z,TRUE,White,Van,Chevy,Express
Mon,2020-05-18T23:25:36Z,FALSE,Silver,SUV,Chevy,Equinox
Mon,2020-05-18T23:25:36Z,FALSE,Green,SUV,Lexus,RX
Mon,2020-05-18T23:25:36Z,FALSE,Black,Sedan,Ford,Fusion
Mon,2020-05-18T23:25:37Z,FALSE,White,Sedan,Hyundai,NA
Mon,2020-05-18T23:25:37Z,FALSE,Grey,SUV,Kia,Sorento
Mon,2020-05-18T23:25:38Z,FALSE,Grey,Sedan,Honda,Civic
Mon,2020-05-18T23:25:38Z,FALSE,Black,SUV,Infiniti,QX50
Mon,2020-05-18T23:25:39Z,FALSE,Silver,Sedan,Chevy,Malibu
Mon,2020-05-18T23:25:40Z,FALSE,White,Sedan,Scion,tC
Mon,2020-05-18T23:25:40Z,FALSE,Red,Sedan,Toyota,Prius
Mon,2020-05-18T23:25:40Z,FALSE,Grey,SUV,GMC,Acadia
Mon,2020-05-18T23:25:44Z,FALSE,Grey,Sedan,NA,NA
Mon,2020-05-18T23:25:45Z,FALSE,White,Sedan,NA,NA
Mon,2020-05-18T23:25:46Z,FALSE,Silver,SUV,GMC,Terrain
Mon,2020-05-18T23:25:47Z,TRUE,White,Van,Ford,Transit
Mon,2020-05-18T23:25:50Z,FALSE,Black,SUV,NA,NA
Mon,2020-05-18T23:25:51Z,TRUE,White,Truck,Chevy,Silverado
Mon,2020-05-18T23:25:53Z,FALSE,White,Truck,Honda,Avalanche
Mon,2020-05-18T23:25:55Z,FALSE,Grey,SUV,Honda,CR-V
Mon,2020-05-18T23:26:00Z,FALSE,Beige,SUV,Chevy,Trailblazer
Mon,2020-05-18T23:26:00Z,FALSE,Silver,Sedan,Hyundai,Sonata
Mon,2020-05-18T23:26:00Z,FALSE,White,SUV,Mazda,CX-5
Mon,2020-05-18T23:26:01Z,FALSE,White,Sedan,Nissan,Altima
Mon,2020-05-18T23:26:01Z,FALSE,Black,SUV,Nissan,Rogue
Mon,2020-05-18T23:26:02Z,FALSE,Red,Truck,GMC,Sierra
Mon,2020-05-18T23:26:02Z,FALSE,Silver,Sedan,Honda,Civic
Mon,2020-05-18T23:26:03Z,FALSE,White,SUV,Jeep,Cherokee
Mon,2020-05-18T23:26:04Z,FALSE,Black,Sedan,Honda,Accord
Mon,2020-05-18T23:26:05Z,FALSE,Grey,SUV,Lexus,RX
Mon,2020-05-18T23:26:05Z,TRUE,Silver,Truck,Chevy,Colorado
Mon,2020-05-18T23:26:06Z,FALSE,Beige,SUV,Jeep,Cherokee
Mon,2020-05-18T23:26:08Z,FALSE,Grey,Sedan,Honda,Accord
Mon,2020-05-18T23:26:08Z,TRUE,White,Truck,Ford,F-450
Mon,2020-05-18T23:26:09Z,TRUE,White,Truck,Chevy,Silverado
Mon,2020-05-18T23:26:10Z,FALSE,Silver,Sedan,Toyota,Prius
Mon,2020-05-18T23:26:11Z,FALSE,White,SUV,Ford,Escape
Mon,2020-05-18T23:26:12Z,FALSE,White,SUV,Mazda,3
Mon,2020-05-18T23:26:14Z,FALSE,White,Truck,Ford,Ranger
Mon,2020-05-18T23:26:14Z,FALSE,Silver,Hatch,Kia,Soul
Mon,2020-05-18T23:26:15Z,FALSE,Grey,Truck,Chevy,Silverado
Mon,2020-05-18T23:26:15Z,FALSE,Grey,Sedan,NA,NA
Mon,2020-05-18T23:26:15Z,FALSE,Black,Sedan,Nissan,Altima
Mon,2020-05-18T23:26:16Z,FALSE,Silver,Sedan,Hyundai,Sonata
Mon,2020-05-18T23:26:16Z,FALSE,Silver,Sedan,Toyota,Avalon
Mon,2020-05-18T23:26:17Z,FALSE,Grey,Sedan,Chevy,Malibu
Mon,2020-05-18T23:26:17Z,FALSE,Black,SUV,Nissan,Murano
Mon,2020-05-18T23:26:18Z,TRUE,White,Truck,Ford,F-450
Mon,2020-05-18T23:26:18Z,FALSE,Silver,Sedan,Lexus,ES
Mon,2020-05-18T23:26:18Z,FALSE,Silver,Sedan,Nissan,Sentra
Mon,2020-05-18T23:26:19Z,FALSE,Black,Sedan,Ford,NA
Mon,2020-05-18T23:26:19Z,FALSE,Green,Hatch,Mini,Cooper
Mon,2020-05-18T23:26:20Z,TRUE,White,Truck,Ford,F-450
Mon,2020-05-18T23:26:21Z,TRUE,White,Van,Ford,Transit
Mon,2020-05-18T23:26:21Z,FALSE,Blue,Hatch,Subaru,Outback
Mon,2020-05-18T23:26:23Z,FALSE,White,SUV,Jeep,Cherokee
Mon,2020-05-18T23:26:23Z,FALSE,Black,Truck,GMC,Sierra
Mon,2020-05-18T23:26:25Z,TRUE,Blue,Van,Ford,Transit
Mon,2020-05-18T23:26:25Z,FALSE,White,SUV,Cadillac,Escalade
Mon,2020-05-18T23:26:26Z,FALSE,Silver,Sedan,Ford,Fusion
Mon,2020-05-18T23:26:27Z,FALSE,Black,SUV,Subaru,Forester
Mon,2020-05-18T23:26:27Z,TRUE,Black,Van,Ford,Transit
Mon,2020-05-18T23:26:28Z,FALSE,White,SUV,Cadillac,SRX
Tue,2020-05-19T23:40:28Z,FALSE,White,Sedan,Honda,Civic
Tue,2020-05-19T23:40:29Z,FALSE,Blue,Sedan,Nissan,Altima
Tue,2020-05-19T23:40:35Z,FALSE,Red,SUV,Honda,Pilot
Tue,2020-05-19T23:40:35Z,FALSE,Silver,Sedan,Chevy,Impala
Tue,2020-05-19T23:40:36Z,FALSE,Grey,Hatch,Volkswagen,Golf
Tue,2020-05-19T23:40:36Z,FALSE,Grey,Truck,Chevy,Silverado
Tue,2020-05-19T23:40:38Z,FALSE,Red,SUV,Toyota,Highlander
Tue,2020-05-19T23:40:38Z,FALSE,Red,Sedan,Nissan,Altima
Tue,2020-05-19T23:40:40Z,FALSE,Silver,Sedan,Toyota,Camry
Tue,2020-05-19T23:40:42Z,FALSE,White,Sedan,Toyota,Camry
Tue,2020-05-19T23:40:42Z,FALSE,White,SUV,Ford,Explorer
Tue,2020-05-19T23:40:45Z,FALSE,Grey,Sedan,Acura,TL
Tue,2020-05-19T23:40:51Z,FALSE,Blue,Truck,Chevy,Silverado
Tue,2020-05-19T23:40:51Z,FALSE,White,Sedan,Chevy,Malibu
Tue,2020-05-19T23:40:52Z,FALSE,Red,Sedan,Nissan,Altima
Tue,2020-05-19T23:40:52Z,FALSE,Silver,SUV,Toyota,Highlander
Tue,2020-05-19T23:40:59Z,FALSE,Silver,Minivan,Toyota,Sienna
Tue,2020-05-19T23:40:59Z,TRUE,White,Truck,Ford,F-150
Tue,2020-05-19T23:41:01Z,TRUE,Black,Truck,Chevy,Silverado
Tue,2020-05-19T23:41:05Z,FALSE,Black,Sedan,Nissan,Altima
Tue,2020-05-19T23:41:10Z,FALSE,Grey,Sedan,Infiniti,G35
Tue,2020-05-19T23:41:11Z,FALSE,Silver,Truck,Toyota,Tacoma
Tue,2020-05-19T23:41:11Z,FALSE,Silver,SUV,Chevy,Traverse
Tue,2020-05-19T23:41:11Z,FALSE,Blue,Sedan,Ford,Mustang
Tue,2020-05-19T23:41:14Z,FALSE,Green,Hatch,Mini,Cooper
Tue,2020-05-19T23:41:14Z,FALSE,Blue,Sedan,Ford,Fusion
Tue,2020-05-19T23:41:15Z,FALSE,Grey,Sedan,Hyundai,Elantra
Tue,2020-05-19T23:41:17Z,TRUE,White,Van,Ford,Transit
Tue,2020-05-19T23:41:21Z,FALSE,Black,SUV,Acura,RDX
Tue,2020-05-19T23:41:21Z,FALSE,White,Truck,Chevy,Silverado
Tue,2020-05-19T23:41:23Z,FALSE,Grey,Sedan,Honda,Civic
Tue,2020-05-19T23:41:23Z,FALSE,Red,SUV,Chevy,Suburban
Tue,2020-05-19T23:41:24Z,FALSE,Grey,Truck,Chevy,Silverado
Tue,2020-05-19T23:41:25Z,FALSE,Grey,Truck,Chevy,Silverado
Tue,2020-05-19T23:41:26Z,FALSE,White,Sedan,Buick,LaCrosse
Tue,2020-05-19T23:41:28Z,FALSE,White,Sedan,Nissan,Rogue
Tue,2020-05-19T23:41:29Z,TRUE,White,Van,Ford,Transit
Tue,2020-05-19T23:41:29Z,FALSE,Blue,Sedan,Kia,Forte
Tue,2020-05-19T23:41:30Z,FALSE,Silver,Truck,Dodge,Ram
Tue,2020-05-19T23:41:35Z,FALSE,Red,Sedan,Honda,Accord
Tue,2020-05-19T23:41:38Z,FALSE,Blue,Truck,Chevy,Silverado
Tue,2020-05-19T23:41:39Z,FALSE,Silver,Sedan,Subaru,BRZ
Tue,2020-05-19T23:41:39Z,FALSE,Grey,Truck,Nissan,Frontier
Tue,2020-05-19T23:41:39Z,FALSE,White,Truck,Chevy,Silverado
Tue,2020-05-19T23:41:39Z,FALSE,Black,Sedan,Chevy,Camaro
Tue,2020-05-19T23:41:39Z,FALSE,Red,Hatch,Volkswagen,Jetta
Tue,2020-05-19T23:41:40Z,FALSE,Silver,Sedan,Hyundai,Elantra
Tue,2020-05-19T23:41:40Z,FALSE,Red,Sedan,Kia,Stinger
Tue,2020-05-19T23:41:41Z,FALSE,Grey,Sedan,Honda,Accord
Tue,2020-05-19T23:41:42Z,TRUE,Blue,Van,Ford,Transit
Tue,2020-05-19T23:41:43Z,FALSE,Grey,Sedan,Nissan,Sentra
Tue,2020-05-19T23:41:43Z,FALSE,Black,Sedan,Toyota,Camry
Tue,2020-05-19T23:41:44Z,FALSE,Silver,SUV,Hyundai,Santa Fe
Tue,2020-05-19T23:41:44Z,FALSE,White,SUV,Honda,CR-V
Tue,2020-05-19T23:41:45Z,FALSE,Silver,SUV,Toyota,Rav-4
Tue,2020-05-19T23:41:46Z,FALSE,Red,SUV,Honda,Pilot
Tue,2020-05-19T23:41:46Z,FALSE,Black,Sedan,Nissan,Altima
Tue,2020-05-19T23:41:46Z,TRUE,Black,Truck,Ford,F-150
Tue,2020-05-19T23:41:51Z,FALSE,Purple,Hatch,Kia,Rio
Tue,2020-05-19T23:41:51Z,FALSE,Yellow,Sedan,Chevy,Camaro
Tue,2020-05-19T23:41:52Z,FALSE,White,Sedan,Toyota,Corolla
Tue,2020-05-19T23:41:52Z,FALSE,Black,SUV,Chevy,Suburban
Tue,2020-05-19T23:41:53Z,FALSE,Black,SUV,BMW,X1
Tue,2020-05-19T23:41:54Z,FALSE,Red,Sedan,Honda,Civic
Tue,2020-05-19T23:41:54Z,FALSE,Grey,Truck,Dodge,Ram
Tue,2020-05-19T23:41:55Z,FALSE,Orange,Sedan,Dodge,Challenger
Tue,2020-05-19T23:41:55Z,FALSE,Black,Truck,GMC,Sierra
Tue,2020-05-19T23:41:55Z,FALSE,Grey,Sedan,Honda,Civic
Tue,2020-05-19T23:41:55Z,FALSE,Grey,SUV,Mazda,CX-5
Tue,2020-05-19T23:41:56Z,FALSE,Red,Sedan,Honda,Civic
Tue,2020-05-19T23:41:58Z,FALSE,White,Sedan,Chevy,Camaro
Tue,2020-05-19T23:41:58Z,FALSE,Black,Sedan,Honda,Civic
Tue,2020-05-19T23:41:58Z,FALSE,Silver,SUV,Toyota,Highlander
Tue,2020-05-19T23:42:01Z,FALSE,White,Sedan,Toyota,Corolla
Tue,2020-05-19T23:42:02Z,FALSE,Grey,SUV,Ford,Explorer
Tue,2020-05-19T23:42:04Z,FALSE,Grey,SUV,Jeep,Cherokee
Tue,2020-05-19T23:42:05Z,FALSE,Grey,Minivan,Toyota,Sienna
Tue,2020-05-19T23:42:07Z,FALSE,Black,Sedan,Kia,Forte
Tue,2020-05-19T23:42:07Z,FALSE,Red,SUV,Toyota,Rav-4
Tue,2020-05-19T23:42:08Z,FALSE,Black,SUV,Toyota,Rav-4
Tue,2020-05-19T23:42:10Z,FALSE,Black,Hatch,Honda,Fit
Tue,2020-05-19T23:42:11Z,FALSE,Red,Sedan,Mercedes,CLA-Class
Tue,2020-05-19T23:42:12Z,FALSE,Silver,Sedan,Toyota,Corolla
Tue,2020-05-19T23:42:13Z,FALSE,Grey,Sedan,Honda,Civic
Tue,2020-05-19T23:42:14Z,TRUE,Grey,Truck,Dodge,Ram
Tue,2020-05-19T23:42:17Z,FALSE,Black,SUV,Nissan,Xterra
Tue,2020-05-19T23:42:19Z,FALSE,Black,SUV,Toyota,4Runner
Tue,2020-05-19T23:42:20Z,FALSE,Black,Hatch,Toyota,Yaris
Tue,2020-05-19T23:42:20Z,FALSE,Red,Sedan,Honda,Accord
Tue,2020-05-19T23:42:21Z,FALSE,Red,Sedan,Toyota,Camry
Tue,2020-05-19T23:42:22Z,TRUE,White,Truck,Toyota,Tundra
Tue,2020-05-19T23:42:28Z,FALSE,Silver,Sedan,Toyota,Camry
Tue,2020-05-19T23:42:28Z,FALSE,White,Sedan,Kia,Forte
Tue,2020-05-19T23:42:30Z,TRUE,White,Truck,Dodge,Ram
Tue,2020-05-19T23:42:31Z,FALSE,Silver,Sedan,Lexus,ES
Tue,2020-05-19T23:42:32Z,FALSE,Orange,SUV,Nissan,Rogue
Tue,2020-05-19T23:42:33Z,TRUE,White,Truck,Chevy,Silverado
Tue,2020-05-19T23:42:33Z,FALSE,Blue,SUV,Honda,CR-V
Tue,2020-05-19T23:42:34Z,FALSE,White,SUV,Mazda,CX-5
Tue,2020-05-19T23:42:34Z,FALSE,Black,SUV,Toyota,4Runner
Tue,2020-05-19T23:42:39Z,FALSE,White,Sedan,Volkswagen,Jetta
Tue,2020-05-19T23:42:44Z,TRUE,White,Truck,Chevy,Silverado
Tue,2020-05-19T23:42:44Z,FALSE,Black,Truck,Toyota,Tacoma
Tue,2020-05-19T23:42:45Z,FALSE,White,Sedan,Mazda,6
Tue,2020-05-19T23:42:47Z,FALSE,Grey,SUV,Honda,CR-V
Tue,2020-05-19T23:42:47Z,FALSE,Grey,SUV,Ford,Explorer
Tue,2020-05-19T23:42:48Z,FALSE,Grey,SUV,Toyota,Rav-4
Tue,2020-05-19T23:42:49Z,FALSE,Black,Sedan,Volkswagen,Jetta
Tue,2020-05-19T23:42:50Z,FALSE,Red,Truck,Dodge,Ram
Tue,2020-05-19T23:42:50Z,FALSE,Black,SUV,Ford,Edge
Wed,2020-05-20T23:27:16Z,FALSE,Silver,Sedan,Honda,S-3000
Wed,2020-05-20T23:27:21Z,FALSE,Grey,Sedan,Hyundai,Sonata
Wed,2020-05-20T23:27:22Z,FALSE,Grey,Hatch,Toyota,Matrix
Wed,2020-05-20T23:27:23Z,FALSE,Silver,Sedan,Dodge,Dart
Wed,2020-05-20T23:27:23Z,FALSE,Black,SUV,Lincoln,Navigator
Wed,2020-05-20T23:27:23Z,FALSE,Black,Truck,Ford,F-150
Wed,2020-05-20T23:27:27Z,FALSE,Yellow,Sedan,Dodge,Charger
Wed,2020-05-20T23:27:27Z,FALSE,Silver,SUV,Volvo,XC60
Wed,2020-05-20T23:27:29Z,FALSE,Black,Sedan,Toyota,86
Wed,2020-05-20T23:27:29Z,FALSE,Silver,Sedan,Acura,TSX
Wed,2020-05-20T23:27:29Z,FALSE,White,SUV,Toyota,Rav-4
Wed,2020-05-20T23:27:29Z,FALSE,Black,Sedan,NA,NA
Wed,2020-05-20T23:27:31Z,FALSE,White,SUV,Chevy,Suburban
Wed,2020-05-20T23:27:31Z,FALSE,Black,Truck,Ford,F-150
Wed,2020-05-20T23:27:31Z,FALSE,White,SUV,Jeep,Cherokee
Wed,2020-05-20T23:27:32Z,FALSE,Grey,Sedan,BMW,3-Series
Wed,2020-05-20T23:27:32Z,FALSE,Blue,SUV,Ford,Explorer
Wed,2020-05-20T23:27:34Z,FALSE,Blue,Sedan,Hyundai,Elantra
Wed,2020-05-20T23:27:35Z,FALSE,Black,SUV,Chevy,Traverse
Wed,2020-05-20T23:27:36Z,FALSE,Grey,Truck,GMC,Sierra
Wed,2020-05-20T23:27:38Z,FALSE,Red,Truck,Ford,F-150
Wed,2020-05-20T23:27:39Z,FALSE,Black,Sedan,Chevy,Impala
Wed,2020-05-20T23:27:41Z,FALSE,Silver,Sedan,Lincoln,Towncar
Wed,2020-05-20T23:27:43Z,FALSE,Grey,Sedan,Volkswagen,Passat
Wed,2020-05-20T23:27:43Z,TRUE,Black,Truck,Ford,F-250
Wed,2020-05-20T23:27:45Z,FALSE,White,SUV,Acura,MDX
Wed,2020-05-20T23:27:47Z,FALSE,Beige,Sedan,Buick,LaCrosse
Wed,2020-05-20T23:27:47Z,FALSE,Black,Truck,Chevy,Silverado
Wed,2020-05-20T23:27:48Z,FALSE,Grey,Sedan,Honda,Civic
Wed,2020-05-20T23:27:49Z,FALSE,Red,Truck,Ford,F-150
Wed,2020-05-20T23:27:49Z,FALSE,Red,Sedan,Alfa Romeo,Giulia
Wed,2020-05-20T23:27:49Z,FALSE,Grey,Sedan,Chevy,Malibu
Wed,2020-05-20T23:27:50Z,FALSE,White,SUV,Jeep,Cherokee
Wed,2020-05-20T23:27:51Z,FALSE,White,Sedan,Hyundai,Elantra
Wed,2020-05-20T23:27:51Z,FALSE,Black,Truck,Dodge,Ram
Wed,2020-05-20T23:27:52Z,FALSE,Black,Hatch,Subaru,Forester
Wed,2020-05-20T23:27:52Z,FALSE,White,SUV,Toyota,Highlander
Wed,2020-05-20T23:27:53Z,FALSE,Blue,SUV,Toyota,Rav-4
Wed,2020-05-20T23:27:56Z,FALSE,Silver,Sedan,Tesla,Model S
Wed,2020-05-20T23:27:57Z,FALSE,Silver,Sedan,Toyota,Corolla
Wed,2020-05-20T23:27:57Z,FALSE,White,Truck,GMC,Sierra
Wed,2020-05-20T23:27:58Z,FALSE,Red,SUV,Honda,CR-V
Wed,2020-05-20T23:28:07Z,FALSE,Black,Truck,Chevy,Colorado
Wed,2020-05-20T23:28:07Z,FALSE,Silver,Truck,Chevy,Silverado
Wed,2020-05-20T23:28:09Z,FALSE,Grey,Hatch,Toyota,Prius
Wed,2020-05-20T23:28:10Z,FALSE,Red,Sedan,Ford,Mustang
Wed,2020-05-20T23:28:11Z,FALSE,White,SUV,Toyota,Rav-4
Wed,2020-05-20T23:28:12Z,FALSE,White,SUV,NA,NA
Wed,2020-05-20T23:28:12Z,FALSE,Red,Sedan,Toyota,Camry
Wed,2020-05-20T23:28:12Z,FALSE,Black,Truck,Dodge,Ram
Wed,2020-05-20T23:28:15Z,FALSE,Grey,Sedan,Honda,Accord
Wed,2020-05-20T23:28:16Z,FALSE,Silver,Sedan,Ford,Fiesta
Wed,2020-05-20T23:28:16Z,FALSE,Black,SUV,Toyota,Rav-4
Wed,2020-05-20T23:28:17Z,FALSE,Green,Sedan,NA,NA
Wed,2020-05-20T23:28:17Z,FALSE,Beige,Sedan,Honda,Accord
Wed,2020-05-20T23:28:17Z,FALSE,Black,SUV,GMC,Acadia
Wed,2020-05-20T23:28:18Z,FALSE,White,Sedan,Buick,LaCrosse
Wed,2020-05-20T23:28:20Z,FALSE,Black,Sedan,Kia,Spectra
Wed,2020-05-20T23:28:20Z,FALSE,Grey,Sedan,Honda,Accord
Wed,2020-05-20T23:28:20Z,FALSE,Grey,Hatch,Honda,Fit
Wed,2020-05-20T23:28:21Z,FALSE,Red,SUV,Chevy,Tahoe
Wed,2020-05-20T23:28:22Z,FALSE,White,Truck,Dodge,Ram
Wed,2020-05-20T23:28:24Z,TRUE,White,Minivan,Dodge,Grand Caravan
Wed,2020-05-20T23:28:24Z,FALSE,Blue,SUV,Honda,HR-V
Wed,2020-05-20T23:28:26Z,TRUE,Red,Truck,Dodge,Ram
Wed,2020-05-20T23:28:27Z,FALSE,Grey,Truck,Ford,F-150
Wed,2020-05-20T23:28:28Z,FALSE,Red,Sedan,Chevy,Corvette
Wed,2020-05-20T23:28:29Z,FALSE,Grey,Sedan,Toyota,Corolla
Wed,2020-05-20T23:28:30Z,FALSE,Grey,Sedan,Hyundai,Elantra
Wed,2020-05-20T23:28:30Z,FALSE,White,SUV,Jaguar,F-Pace
Wed,2020-05-20T23:28:30Z,FALSE,Black,SUV,Ford,Edge
Wed,2020-05-20T23:28:33Z,FALSE,Grey,SUV,Jaguar,F-Pace
Wed,2020-05-20T23:28:33Z,FALSE,White,Truck,Chevy,Avalanche
Wed,2020-05-20T23:28:34Z,FALSE,Orange,Minivan,Chrysler,Town & Country
Wed,2020-05-20T23:28:35Z,FALSE,Silver,SUV,Jeep,Grand Cherokee
Wed,2020-05-20T23:28:38Z,TRUE,Blue,Truck,Ford,F-250
Wed,2020-05-20T23:28:38Z,FALSE,Silver,SUV,BMW,X1
Wed,2020-05-20T23:28:38Z,FALSE,Silver,Sedan,Chevy,Cavalier
Wed,2020-05-20T23:28:39Z,FALSE,White,Sedan,Mercedes,S-Class
Wed,2020-05-20T23:28:41Z,FALSE,Grey,Truck,Ford,F-150
Wed,2020-05-20T23:28:41Z,FALSE,Grey,SUV,Toyota,Rav-4
Wed,2020-05-20T23:28:43Z,FALSE,White,Sedan,Audi,A4
Wed,2020-05-20T23:28:44Z,FALSE,Beige,Sedan,Lincoln,Towncar
Wed,2020-05-20T23:28:44Z,FALSE,Grey,Sedan,Nissan,Altima
Wed,2020-05-20T23:28:45Z,FALSE,Grey,Sedan,Volkswagen,Jetta
Wed,2020-05-20T23:28:47Z,FALSE,Black,SUV,Ford,Expedition
Wed,2020-05-20T23:28:47Z,FALSE,White,Sedan,BMW,3-Series
Wed,2020-05-20T23:28:48Z,FALSE,Black,Hatch,BMW,3-Series
Wed,2020-05-20T23:28:48Z,TRUE,Red,Truck,Chevy,Silverado
Wed,2020-05-20T23:28:50Z,FALSE,Grey,Sedan,Ford,Fusion
Wed,2020-05-20T23:28:52Z,FALSE,White,SUV,Mazda,CX-9
Wed,2020-05-20T23:28:52Z,FALSE,Red,Hatch,Honda,Fit
Wed,2020-05-20T23:28:58Z,FALSE,Black,Sedan,Honda,Civic
Wed,2020-05-20T23:28:58Z,FALSE,Black,Sedan,Mercedes,S-Series
Wed,2020-05-20T23:29:00Z,FALSE,White,Hatch,Toyota,Prius
Wed,2020-05-20T23:29:01Z,TRUE,White,Truck,NA,NA
Wed,2020-05-20T23:29:01Z,FALSE,Silver,Hatch,Toyota,Prius
Wed,2020-05-20T23:29:02Z,FALSE,Black,SUV,Chevy,Tahoe
Wed,2020-05-20T23:29:02Z,FALSE,Grey,Sedan,Tesla,Model 3
Wed,2020-05-20T23:29:02Z,FALSE,Black,Minivan,Honda,Odyssey
Wed,2020-05-20T23:29:03Z,FALSE,Beige,Sedan,Honda,Civic
Wed,2020-05-20T23:29:04Z,FALSE,Grey,SUV,Mazda,CX-30
Wed,2020-05-20T23:29:06Z,FALSE,Silver,Hatch,Kia,Spectra
Wed,2020-05-20T23:29:09Z,FALSE,Black,Sedan,Ford,Mustang
Wed,2020-05-20T23:29:09Z,FALSE,Black,SUV,Dodge,Durango
Wed,2020-05-20T23:29:09Z,FALSE,Black,Sedan,Mazda,6
Wed,2020-05-20T23:29:11Z,FALSE,Black,Truck,GMC,Sierra
Wed,2020-05-20T23:29:12Z,TRUE,Beige,Truck,Chevy,Silverado
Wed,2020-05-20T23:29:13Z,FALSE,Beige,Hatch,Toyota,Prius
Wed,2020-05-20T23:29:14Z,FALSE,Blue,Sedan,NA,NA
Wed,2020-05-20T23:29:15Z,TRUE,White,Truck,Chevy,Silverado
Wed,2020-05-20T23:29:17Z,FALSE,Blue,Sedan,Hyundai,Sonata
Wed,2020-05-20T23:29:18Z,FALSE,White,Hatch,Volkswagen,Golf
Wed,2020-05-20T23:29:20Z,FALSE,Grey,Hatch,Mazda,5
Wed,2020-05-20T23:29:21Z,FALSE,Silver,SUV,Chevy,Equinox
Wed,2020-05-20T23:29:22Z,FALSE,Red,SUV,Toyota,Highlander
Wed,2020-05-20T23:29:23Z,FALSE,Black,SUV,Ford,Expedition
Wed,2020-05-20T23:29:24Z,FALSE,Silver,SUV,Jeep,Renegade
Wed,2020-05-20T23:29:24Z,FALSE,Beige,SUV,Toyota,4Runner
Wed,2020-05-20T23:29:26Z,FALSE,White,Hatch,BMW,i1
Wed,2020-05-20T23:29:26Z,TRUE,White,Truck,Ford,F-350
Wed,2020-05-20T23:29:29Z,FALSE,Grey,Sedan,Toyota,Corolla
Wed,2020-05-20T23:29:29Z,FALSE,Red,Sedan,Chevy,Camaro
Wed,2020-05-20T23:29:32Z,FALSE,Silver,SUV,Jeep,Patriot
Wed,2020-05-20T23:29:35Z,FALSE,Blue,Sedan,Ford,Focus
Wed,2020-05-20T23:29:41Z,FALSE,Grey,Hatch,Mazda,3
Wed,2020-05-20T23:29:42Z,TRUE,White,Truck,Chevy,Silverado
Wed,2020-05-20T23:29:42Z,FALSE,White,SUV,Ford,Escape
Wed,2020-05-20T23:29:43Z,FALSE,Grey,Hatch,Kia,Forte
Wed,2020-05-20T23:29:44Z,FALSE,Grey,SUV,Toyota,Venza
Thu,2020-05-21T23:47:29Z,TRUE,White,Truck,Ford,F-350
Thu,2020-05-21T23:47:29Z,FALSE,Grey,Hatch,Mazda,3
Thu,2020-05-21T23:47:30Z,FALSE,Silver,Sedan,Chevy,Cruze
Thu,2020-05-21T23:47:30Z,TRUE,White,Truck,Chevy,Kodiak
Thu,2020-05-21T23:47:31Z,TRUE,White,Truck,Chevy,Silverado
Thu,2020-05-21T23:47:31Z,TRUE,White,Truck,Chevy,Silverado
Thu,2020-05-21T23:47:32Z,FALSE,White,SUV,Ford,Explorer
Thu,2020-05-21T23:47:33Z,FALSE,White,Sedan,Mazda,3
Thu,2020-05-21T23:47:34Z,FALSE,Grey,Hatch,Subaru,Outback
Thu,2020-05-21T23:47:34Z,FALSE,Black,SUV,Audi,Q7
Thu,2020-05-21T23:47:35Z,FALSE,White,Truck,Ford,F-250
Thu,2020-05-21T23:47:35Z,FALSE,White,Truck,Ford,F-150
Thu,2020-05-21T23:47:35Z,FALSE,Green,SUV,Chevy,Tahoe
Thu,2020-05-21T23:47:36Z,FALSE,White,SUV,Nissan,Kicks
Thu,2020-05-21T23:47:38Z,TRUE,White,Sedan,Toyota,Camry
Thu,2020-05-21T23:47:39Z,FALSE,Silver,SUV,Honda,CR-V
Thu,2020-05-21T23:47:39Z,FALSE,Silver,Truck,Dodge,Ram
Thu,2020-05-21T23:47:41Z,FALSE,Grey,Sedan,Chevy,Malibu
Thu,2020-05-21T23:47:41Z,FALSE,Red,Truck,Ford,F-250
Thu,2020-05-21T23:47:42Z,FALSE,Grey,Sedan,Kia,Rio
Thu,2020-05-21T23:47:43Z,FALSE,Grey,Sedan,Hyundai,Elantra
Thu,2020-05-21T23:47:48Z,FALSE,Black,Truck,Ford,F-150
Thu,2020-05-21T23:47:48Z,TRUE,White,Truck,Chevy,Silverado
Thu,2020-05-21T23:47:48Z,FALSE,Blue,Sedan,Honda,Civic
Thu,2020-05-21T23:47:50Z,TRUE,White,Van,Chevy,Express
Thu,2020-05-21T23:47:51Z,FALSE,White,SUV,Honda,C-HR
Thu,2020-05-21T23:47:51Z,FALSE,Black,SUV,Ford,Explorer
Thu,2020-05-21T23:47:53Z,FALSE,Green,Sedan,Jaguar,XF
Thu,2020-05-21T23:47:58Z,FALSE,Black,Sedan,Chevy,Impala
Thu,2020-05-21T23:47:58Z,FALSE,White,Hatch,Volkswagen,Jetta
Thu,2020-05-21T23:48:06Z,FALSE,Grey,Sedan,Nissan,Sentra
Thu,2020-05-21T23:48:07Z,FALSE,Black,SUV,Ford,Expedition
Thu,2020-05-21T23:48:08Z,FALSE,Black,Truck,GMC,Sierra
Thu,2020-05-21T23:48:08Z,FALSE,Black,Truck,Toyota,Tacoma
Thu,2020-05-21T23:48:11Z,FALSE,Silver,SUV,Nissan,Kicks
Thu,2020-05-21T23:48:16Z,FALSE,White,Van,Chevy,Express
Thu,2020-05-21T23:48:16Z,FALSE,Blue,SUV,Subaru,Ascent
Thu,2020-05-21T23:48:17Z,FALSE,Grey,Minivan,Honda,Odyssey
Thu,2020-05-21T23:48:18Z,FALSE,Red,SUV,Mazda,CX-5
Thu,2020-05-21T23:48:20Z,FALSE,Red,SUV,Mitsubishi,Outlander
Thu,2020-05-21T23:48:21Z,FALSE,Black,SUV,Mercedes,GE-Class
Thu,2020-05-21T23:48:21Z,FALSE,Red,Hatch,Subaru,Impreza
Thu,2020-05-21T23:48:22Z,FALSE,Silver,SUV,Chevy,Traverse
Thu,2020-05-21T23:48:23Z,FALSE,White,Hatch,Subaru,Forester
Thu,2020-05-21T23:48:24Z,FALSE,White,SUV,Chevy,Traverse
Thu,2020-05-21T23:48:25Z,FALSE,Grey,SUV,Jeep,Cherokee
Thu,2020-05-21T23:48:26Z,FALSE,Blue,Hatch,Subaru,Outback
Thu,2020-05-21T23:48:28Z,FALSE,Red,SUV,Ford,Explorer
Thu,2020-05-21T23:48:29Z,FALSE,Grey,SUV,Honda,CR-V
Thu,2020-05-21T23:48:30Z,FALSE,Blue,Hatch,Honda,Fit
Thu,2020-05-21T23:48:33Z,FALSE,Grey,SUV,Nissan,Rogue
Thu,2020-05-21T23:48:33Z,FALSE,Silver,Sedan,Honda,Accord
Thu,2020-05-21T23:48:34Z,FALSE,Silver,SUV,Honda,Pilot
Thu,2020-05-21T23:48:39Z,FALSE,Grey,Hatch,Fiat,500
Thu,2020-05-21T23:48:40Z,FALSE,Grey,Truck,Toyota,Tundra
Thu,2020-05-21T23:48:41Z,FALSE,Grey,Sedan,Dodge,Charger
Thu,2020-05-21T23:48:44Z,FALSE,White,Truck,Chevy,Silverado
Thu,2020-05-21T23:48:45Z,FALSE,White,SUV,GMC,Acadia
Thu,2020-05-21T23:48:47Z,FALSE,Green,SUV,Toyota,Land Cruiser
Thu,2020-05-21T23:48:47Z,FALSE,Black,Sedan,Toyota,Camry
Thu,2020-05-21T23:48:48Z,FALSE,Silver,SUV,Mazda,CX-5
Thu,2020-05-21T23:48:49Z,FALSE,Silver,Sedan,Lexus,IS
Thu,2020-05-21T23:48:49Z,FALSE,Black,Sedan,Honda,Civic
Thu,2020-05-21T23:48:51Z,FALSE,White,SUV,Acura,MDX
Thu,2020-05-21T23:48:51Z,FALSE,Beige,Truck,Toyota,Tundra
Thu,2020-05-21T23:48:52Z,FALSE,White,Hatch,Toyota,Prius
Thu,2020-05-21T23:48:53Z,FALSE,Orange,SUV,Nissan,Juke
Thu,2020-05-21T23:48:53Z,FALSE,Silver,SUV,Nissan,Kicks
Thu,2020-05-21T23:48:54Z,TRUE,Black,SUV,Ford,Police Interceptor
Thu,2020-05-21T23:48:55Z,FALSE,White,SUV,Kia,Sorento
Thu,2020-05-21T23:48:55Z,FALSE,White,Truck,Chevy,Silverado
Thu,2020-05-21T23:48:57Z,FALSE,Grey,SUV,Nissan,Pathfinder
Thu,2020-05-21T23:48:57Z,FALSE,Silver,Sedan,Kia,Rio
Thu,2020-05-21T23:48:57Z,FALSE,Blue,Truck,Ford,F-250
Thu,2020-05-21T23:48:58Z,FALSE,Black,SUV,Ford,Explorer
Thu,2020-05-21T23:48:58Z,FALSE,White,Sedan,Nissan,Altima
Thu,2020-05-21T23:48:59Z,FALSE,Black,SUV,GMC,Yukon
Thu,2020-05-21T23:49:01Z,FALSE,White,Sedan,Volkswagen,Passat
Thu,2020-05-21T23:49:01Z,FALSE,Blue,Sedan,Toyota,Camry
Thu,2020-05-21T23:49:02Z,FALSE,Red,Hatch,Hyundai,Elantra
Thu,2020-05-21T23:49:03Z,FALSE,Beige,Truck,Ford,F-250
Thu,2020-05-21T23:49:05Z,FALSE,Black,Minivan,Honda,Odyssey
Thu,2020-05-21T23:49:06Z,FALSE,Green,Sedan,Hyundai,Sonata
Thu,2020-05-21T23:49:06Z,FALSE,Beige,Truck,Ford,F-150
Thu,2020-05-21T23:49:06Z,FALSE,Silver,SUV,Nissan,Rogue
Thu,2020-05-21T23:49:07Z,FALSE,Black,Sedan,BMW,3-Series
Thu,2020-05-21T23:49:08Z,FALSE,Red,Truck,Ford,F-150
Thu,2020-05-21T23:49:09Z,FALSE,White,SUV,Acura,MDX
Thu,2020-05-21T23:49:09Z,FALSE,Silver,Sedan,Lexus,ES
Thu,2020-05-21T23:49:09Z,FALSE,Grey,SUV,Infiniti,QX60
Thu,2020-05-21T23:49:11Z,FALSE,Grey,Sedan,Mazda,6
Thu,2020-05-21T23:49:12Z,FALSE,Grey,Sedan,Kia,Optima
Thu,2020-05-21T23:49:13Z,FALSE,Silver,Sedan,Hyundai,Elantra
Thu,2020-05-21T23:49:15Z,TRUE,White,Truck,Chevy,Silverado
Thu,2020-05-21T23:49:17Z,FALSE,Silver,SUV,Lexus,RX
Thu,2020-05-21T23:49:17Z,FALSE,Black,Truck,Dodge,Ram
Thu,2020-05-21T23:49:20Z,FALSE,Red,Sedan,Dodge,Avenger
Thu,2020-05-21T23:49:21Z,FALSE,Silver,SUV,Honda,CR-V
Thu,2020-05-21T23:49:27Z,FALSE,Grey,SUV,Toyota,Highlander
Thu,2020-05-21T23:49:27Z,FALSE,Grey,Sedan,Acura,TSX
Thu,2020-05-21T23:49:28Z,FALSE,Black,Sedan,Mercedes,C-Series
Thu,2020-05-21T23:49:28Z,FALSE,Black,Truck,Chevy,Colorado
Thu,2020-05-21T23:49:29Z,FALSE,Grey,Truck,Toyota,Tundra
Thu,2020-05-21T23:49:29Z,FALSE,Black,Sedan,Toyota,Camry
Thu,2020-05-21T23:49:30Z,FALSE,Black,Sedan,Saturn,Sky
Thu,2020-05-21T23:49:30Z,FALSE,White,SUV,Hyundai,Santa Fe
Thu,2020-05-21T23:49:31Z,FALSE,Grey,Truck,Nissan,Frontier
Thu,2020-05-21T23:49:32Z,FALSE,Silver,Sedan,Honda,Civic
Thu,2020-05-21T23:49:32Z,FALSE,Grey,Sedan,Acura,TL
Thu,2020-05-21T23:49:33Z,FALSE,Silver,Truck,Toyota,Tacoma
Thu,2020-05-21T23:49:33Z,TRUE,Blue,Semi,Volvo,VNL 670
Thu,2020-05-21T23:49:34Z,FALSE,Silver,Sedan,Porsche,911
Thu,2020-05-21T23:49:35Z,FALSE,White,Sedan,Hyundai,Elantra
Thu,2020-05-21T23:49:35Z,FALSE,Black,Sedan,Mazda,6
Thu,2020-05-21T23:49:36Z,FALSE,Blue,Sedan,Honda,Civic
Thu,2020-05-21T23:49:39Z,FALSE,Red,SUV,Chevy,Suburban
Thu,2020-05-21T23:49:39Z,FALSE,White,Truck,Dodge,Ram
Thu,2020-05-21T23:49:39Z,FALSE,Blue,Sedan,Ford,Focus
Thu,2020-05-21T23:49:40Z,FALSE,Black,Sedan,Infiniti,G35
Thu,2020-05-21T23:49:41Z,FALSE,Silver,Sedan,Nissan,350Z
Thu,2020-05-21T23:49:41Z,FALSE,White,SUV,Chevy,NA
Thu,2020-05-21T23:49:43Z,FALSE,Black,SUV,Ford,Escape
Thu,2020-05-21T23:49:45Z,FALSE,White,Sedan,Mercedes,E-Series
Thu,2020-05-21T23:49:45Z,FALSE,Grey,Sedan,Tesla,Model 3
Thu,2020-05-21T23:49:46Z,FALSE,White,SUV,Ford,Edge
Thu,2020-05-21T23:49:47Z,FALSE,Red,Sedan,Volkswagen,Eos
Thu,2020-05-21T23:49:47Z,FALSE,Grey,SUV,Audi,Q7
Thu,2020-05-21T23:49:47Z,FALSE,Grey,Sedan,Mazda,3
Thu,2020-05-21T23:49:48Z,FALSE,Silver,Sedan,Nissan,Sentra
Thu,2020-05-21T23:49:49Z,FALSE,Red,Sedan,Honda,Accord
Thu,2020-05-21T23:49:50Z,FALSE,Green,SUV,Jeep,Cherokee
Fri,2020-05-22T23:44:54Z,FALSE,Grey,Sedan,Lexus,ES
Fri,2020-05-22T23:44:54Z,FALSE,Silver,SUV,Jeep,Cherokee
Fri,2020-05-22T23:44:54Z,FALSE,Blue,Minivan,Dodge,Grand Caravan
Fri,2020-05-22T23:44:55Z,FALSE,Black,SUV,Chevy,Equinox
Fri,2020-05-22T23:44:56Z,TRUE,White,Truck,Chevy,Silverado
Fri,2020-05-22T23:44:56Z,FALSE,Black,Hatch,Toyota,Prius
Fri,2020-05-22T23:44:57Z,FALSE,Blue,Truck,Ford,F-150
Fri,2020-05-22T23:44:57Z,TRUE,White,Van,Ford,E-250
Fri,2020-05-22T23:44:58Z,FALSE,Grey,Sedan,Nissan,370Z
Fri,2020-05-22T23:44:58Z,FALSE,White,SUV,Jeep,Grand Cherokee
Fri,2020-05-22T23:45:00Z,FALSE,Grey,Sedan,Volkswagen,Passat
Fri,2020-05-22T23:45:00Z,FALSE,Black,Sedan,Nissan,Sentra
Fri,2020-05-22T23:45:02Z,FALSE,Black,Sedan,Toyota,Camry
Fri,2020-05-22T23:45:04Z,FALSE,Silver,SUV,Toyota,Venza
Fri,2020-05-22T23:45:06Z,FALSE,White,Sedan,Chrysler,300
Fri,2020-05-22T23:45:06Z,FALSE,Beige,Minivan,Toyota,Sienna
Fri,2020-05-22T23:45:12Z,FALSE,Black,Sedan,Hyundai,Sonata
Fri,2020-05-22T23:45:13Z,FALSE,Grey,Hatch,Toyota,Prius
Fri,2020-05-22T23:45:14Z,FALSE,Black,SUV,Toyota,Land Cruiser
Fri,2020-05-22T23:45:14Z,FALSE,Grey,SUV,Chevy,Tahoe
Fri,2020-05-22T23:45:19Z,FALSE,Red,Truck,Ford,F-250
Fri,2020-05-22T23:45:24Z,FALSE,Black,Hatch,Kia,Soul
Fri,2020-05-22T23:45:27Z,FALSE,Silver,Sedan,BMW,1-Series
Fri,2020-05-22T23:45:31Z,FALSE,White,Sedan,Toyota,Corolla
Fri,2020-05-22T23:45:35Z,FALSE,White,Sedan,Mazda,3
Fri,2020-05-22T23:45:35Z,FALSE,Grey,SUV,Toyota,Sequoia
Fri,2020-05-22T23:45:42Z,FALSE,Green,Truck,Jeep,Gladiator
Fri,2020-05-22T23:45:46Z,TRUE,Blue,Truck,Chevy,Silverado
Fri,2020-05-22T23:45:47Z,FALSE,Blue,SUV,Toyota,4Runner
Fri,2020-05-22T23:45:48Z,FALSE,White,Hatch,Toyota,Prius
Fri,2020-05-22T23:45:49Z,FALSE,Purple,SUV,Toyota,Highlander
Fri,2020-05-22T23:45:51Z,FALSE,Black,Sedan,Mercedes,E-Class
Fri,2020-05-22T23:45:51Z,FALSE,Orange,Sedan,Dodge,Challenger
Fri,2020-05-22T23:45:53Z,FALSE,Grey,Truck,Chevy,Silverado
Fri,2020-05-22T23:45:54Z,FALSE,Black,Sedan,Toyota,Camry
Fri,2020-05-22T23:45:55Z,FALSE,White,Truck,Chevy,Silverado
Fri,2020-05-22T23:45:55Z,FALSE,Beige,Sedan,Honda,Accord
Fri,2020-05-22T23:45:56Z,TRUE,White,Truck,NA,NA
Fri,2020-05-22T23:45:57Z,FALSE,Grey,Sedan,Honda,Civic
Fri,2020-05-22T23:45:59Z,FALSE,Grey,SUV,Toyota,4Runner
Fri,2020-05-22T23:46:00Z,FALSE,White,Sedan,Toyota,Camry
Fri,2020-05-22T23:46:01Z,FALSE,White,Sedan,Toyota,Sequoia
Fri,2020-05-22T23:46:02Z,FALSE,Grey,Sedan,Honda,Civic
Fri,2020-05-22T23:46:03Z,FALSE,Blue,Sedan,Ford,Fusion
Fri,2020-05-22T23:46:05Z,FALSE,Grey,Minivan,Honda,Odyssey
Fri,2020-05-22T23:46:05Z,FALSE,Grey,SUV,Jeep,Grand Cherokee
Fri,2020-05-22T23:46:08Z,FALSE,Silver,SUV,Lexus,RX
Fri,2020-05-22T23:46:08Z,FALSE,White,Truck,Chevy,Silverado
Fri,2020-05-22T23:46:09Z,FALSE,Grey,Sedan,Honda,Accord
Fri,2020-05-22T23:46:09Z,FALSE,Grey,Truck,Toyota,Tundra
Fri,2020-05-22T23:46:10Z,FALSE,Black,SUV,Nissan,Rogue
Fri,2020-05-22T23:46:11Z,FALSE,Black,Truck,Toyota,Tacoma
Fri,2020-05-22T23:46:13Z,FALSE,Red,Truck,Dodge,Ram
Fri,2020-05-22T23:46:17Z,FALSE,White,Sedan,Lexus,ES
Fri,2020-05-22T23:46:17Z,FALSE,Green,Sedan,Honda,Civic
Fri,2020-05-22T23:46:19Z,FALSE,Purple,Sedan,Toyota,Corolla
Fri,2020-05-22T23:46:19Z,FALSE,Black,Truck,Nissan,XE
Fri,2020-05-22T23:46:19Z,FALSE,Black,Minivan,Kia,Sedona
Fri,2020-05-22T23:46:21Z,FALSE,Black,Sedan,Toyota,Corolla
Fri,2020-05-22T23:46:23Z,FALSE,Grey,Minivan,Honda,Odyssey
Fri,2020-05-22T23:46:24Z,FALSE,Black,Truck,Ford,F-150
Fri,2020-05-22T23:46:24Z,FALSE,Black,Truck,GMC,Sierra
Fri,2020-05-22T23:46:24Z,FALSE,Black,Sedan,Mazda,3
Fri,2020-05-22T23:46:25Z,FALSE,Blue,Sedan,Hyundai,Sonata
Fri,2020-05-22T23:46:27Z,FALSE,Grey,Sedan,Volkswagen,Passat
Fri,2020-05-22T23:46:27Z,FALSE,Silver,SUV,Honda,CR-V
Fri,2020-05-22T23:46:30Z,FALSE,Grey,Sedan,Volkswagen,Jetta
Fri,2020-05-22T23:46:31Z,FALSE,White,Sedan,Honda,Accord
Fri,2020-05-22T23:46:32Z,FALSE,White,SUV,Mercedes,GLC-Class
Fri,2020-05-22T23:46:32Z,FALSE,Grey,SUV,Chevy,Tahoe
Fri,2020-05-22T23:46:32Z,FALSE,Blue,SUV,Jeep,Wrangler
Fri,2020-05-22T23:46:33Z,FALSE,Grey,Truck,Toyota,Tacoma
Fri,2020-05-22T23:46:33Z,FALSE,Blue,Hatch,Toyota,Prius
Fri,2020-05-22T23:46:34Z,FALSE,Grey,SUV,Toyota,Highlander
Fri,2020-05-22T23:46:35Z,FALSE,White,Hatch,Toyota,Prius
Fri,2020-05-22T23:46:35Z,FALSE,Silver,Sedan,Kia,Forte
Fri,2020-05-22T23:46:36Z,FALSE,Black,Sedan,Saab,93
Fri,2020-05-22T23:46:36Z,FALSE,White,SUV,Hyundai,Santa Fe
Fri,2020-05-22T23:46:36Z,FALSE,Black,SUV,Jeep,Wrangler
Fri,2020-05-22T23:46:36Z,FALSE,White,SUV,Mercedes,GLK-Class
Fri,2020-05-22T23:46:37Z,FALSE,Blue,Sedan,Volkswagen,Jetta
Fri,2020-05-22T23:46:38Z,FALSE,Blue,Sedan,Chrysler,200
Fri,2020-05-22T23:46:38Z,FALSE,Black,Sedan,Porsche,Cayman
Fri,2020-05-22T23:46:39Z,FALSE,Black,Truck,Ford,F-150
Fri,2020-05-22T23:46:39Z,FALSE,Grey,Sedan,Nissan,Sentra
Fri,2020-05-22T23:46:40Z,FALSE,White,Sedan,Mazda,3
Fri,2020-05-22T23:46:40Z,FALSE,Beige,Sedan,Nissan,Altima
Fri,2020-05-22T23:46:41Z,FALSE,Silver,SUV,Toyota,4Runner
Fri,2020-05-22T23:46:42Z,FALSE,Beige,Sedan,Hyundai,Elantra
Fri,2020-05-22T23:46:42Z,TRUE,White,Van,Ford,E-250
Fri,2020-05-22T23:46:43Z,FALSE,White,Sedan,Ford,Fiesta
Fri,2020-05-22T23:46:45Z,FALSE,Silver,Hatch,Toyota,Prius
Fri,2020-05-22T23:46:49Z,FALSE,White,SUV,Jeep,Grand Cherokee
Fri,2020-05-22T23:46:50Z,FALSE,Blue,Truck,Chevy,Silverado
Fri,2020-05-22T23:46:50Z,FALSE,White,Truck,Toyota,Tundra
Fri,2020-05-22T23:46:52Z,FALSE,Beige,SUV,Nissan,Xterra
Fri,2020-05-22T23:46:53Z,FALSE,Black,Truck,Honda,Ridgeline
Fri,2020-05-22T23:46:55Z,FALSE,Red,SUV,Mazda,CX-5
Fri,2020-05-22T23:46:55Z,FALSE,White,Sedan,BMW,3-Series
Fri,2020-05-22T23:46:55Z,FALSE,Purple,SUV,Acura,MDX
Fri,2020-05-22T23:46:56Z,FALSE,Grey,Sedan,Toyota,Camry
Fri,2020-05-22T23:46:57Z,FALSE,Blue,Hatch,Mazda,3
Fri,2020-05-22T23:46:59Z,FALSE,Silver,SUV,Acura,MDX
Fri,2020-05-22T23:47:00Z,FALSE,Grey,Sedan,Toyota,Corolla
Fri,2020-05-22T23:47:00Z,FALSE,Grey,Sedan,Honda,Accord
Fri,2020-05-22T23:47:01Z,FALSE,Blue,Sedan,Tesla,Model 3
Fri,2020-05-22T23:47:05Z,FALSE,Black,Sedan,Chevy,Cruze
Fri,2020-05-22T23:47:06Z,FALSE,Silver,Sedan,Volkswagen,Passat
Fri,2020-05-22T23:47:06Z,TRUE,White,Van,Ford,Transit
Fri,2020-05-22T23:47:07Z,FALSE,Black,Sedan,Toyota,Corolla
Fri,2020-05-22T23:47:07Z,FALSE,Silver,SUV,Nissan,Rogue
Fri,2020-05-22T23:47:08Z,FALSE,Silver,Sedan,Kia,Forte
Fri,2020-05-22T23:47:10Z,FALSE,Silver,Truck,GMC,Canyon
Fri,2020-05-22T23:47:10Z,TRUE,White,Van,Ford,Transit
Fri,2020-05-22T23:47:11Z,FALSE,White,Van,GMC,Safari
Fri,2020-05-22T23:47:12Z,FALSE,Blue,Truck,Ford,F-150
Fri,2020-05-22T23:47:14Z,FALSE,White,Hatch,Mini,Cooper
Fri,2020-05-22T23:47:15Z,FALSE,Grey,Sedan,Honda,Accord
Fri,2020-05-22T23:47:16Z,FALSE,Beige,Hatch,Subaru,Forester
Fri,2020-05-22T23:47:19Z,FALSE,Grey,SUV,Honda,HR-V
Fri,2020-05-22T23:47:20Z,FALSE,White,SUV,Jeep,Wrangler
Fri,2020-05-22T23:47:24Z,FALSE,White,SUV,Chevy,Suburban
Sat,2020-05-23T20:04:43Z,FALSE,White,SUV,Chevy,Equinox
Sat,2020-05-23T20:04:43Z,FALSE,Black,Sedan,Kia,Forte
Sat,2020-05-23T20:04:44Z,FALSE,Blue,SUV,Honda,Pilot
Sat,2020-05-23T20:04:45Z,FALSE,Red,Sedan,Honda,Civic
Sat,2020-05-23T20:04:47Z,FALSE,White,Sedan,Lexus,SC
Sat,2020-05-23T20:04:47Z,FALSE,White,SUV,Mercedes,GLK-Class
Sat,2020-05-23T20:04:48Z,FALSE,White,Sedan,Toyota,Camry
Sat,2020-05-23T20:04:49Z,FALSE,White,Sedan,Kia,Spectra
Sat,2020-05-23T20:04:49Z,FALSE,Grey,Sedan,Ford,Fusion
Sat,2020-05-23T20:04:49Z,FALSE,Grey,SUV,Land Rover,LR4
Sat,2020-05-23T20:04:50Z,FALSE,Beige,Truck,Toyota,Tacoma
Sat,2020-05-23T20:04:52Z,FALSE,Black,SUV,Jeep,Grand Cherokee
Sat,2020-05-23T20:04:53Z,FALSE,Grey,Sedan,Honda,Accord
Sat,2020-05-23T20:04:54Z,FALSE,Grey,Hatch,Subaru,Forester
Sat,2020-05-23T20:04:55Z,FALSE,White,Truck,Toyota,Tundra
Sat,2020-05-23T20:04:55Z,FALSE,Beige,Truck,Toyota,Tacoma
Sat,2020-05-23T20:04:59Z,FALSE,Grey,Minivan,Honda,Odyssey
Sat,2020-05-23T20:05:00Z,FALSE,Silver,Truck,Nissan,Frontier
Sat,2020-05-23T20:05:00Z,FALSE,Silver,SUV,Toyota,4Runner
Sat,2020-05-23T20:05:01Z,FALSE,Black,SUV,Chevy,Tahoe
Sat,2020-05-23T20:05:02Z,FALSE,Silver,Sedan,Lexus,IS
Sat,2020-05-23T20:05:02Z,FALSE,Beige,SUV,Mitsubishi,Outlander
Sat,2020-05-23T20:05:06Z,FALSE,Blue,Truck,Nissan,Titan
Sat,2020-05-23T20:05:06Z,FALSE,White,SUV,Jeep,Cherokee
Sat,2020-05-23T20:05:07Z,FALSE,Grey,SUV,Audi,Q7
Sat,2020-05-23T20:05:08Z,FALSE,Black,Sedan,Infiniti,Q50
Sat,2020-05-23T20:05:08Z,TRUE,White,Truck,Chevy,Silverado
Sat,2020-05-23T20:05:09Z,FALSE,Grey,SUV,Toyota,Rav-4
Sat,2020-05-23T20:05:09Z,FALSE,White,Truck,Toyota,Tundra
Sat,2020-05-23T20:05:10Z,FALSE,Grey,Sedan,BMW,3-Series
Sat,2020-05-23T20:05:10Z,FALSE,Blue,Hatch,Toyota,Prius
Sat,2020-05-23T20:05:10Z,FALSE,Grey,SUV,Mazda,CX-5
Sat,2020-05-23T20:05:11Z,FALSE,Silver,Hatch,Toyota,Prius
Sat,2020-05-23T20:05:12Z,FALSE,Black,Hatch,Ford,Fiesta
Sat,2020-05-23T20:05:14Z,FALSE,White,Sedan,BMW,4-Series
Sat,2020-05-23T20:05:16Z,FALSE,Black,SUV,Mercedes,GLC-Class
Sat,2020-05-23T20:05:16Z,FALSE,Black,Sedan,Toyota,Corolla
Sat,2020-05-23T20:05:16Z,FALSE,White,SUV,Kia,Santa Fe
Sat,2020-05-23T20:05:17Z,FALSE,Grey,Sedan,Toyota,Avalon
Sat,2020-05-23T20:05:18Z,FALSE,Red,Minivan,Chrysler,Town & Country
Sat,2020-05-23T20:05:18Z,FALSE,Black,Sedan,Dodge,Charger
Sat,2020-05-23T20:05:19Z,FALSE,Grey,Hatch,Subaru,Outback
Sat,2020-05-23T20:05:19Z,FALSE,Black,Sedan,Dodge,Challenger
Sat,2020-05-23T20:05:20Z,FALSE,Black,Sedan,Acura,TL
Sat,2020-05-23T20:05:21Z,FALSE,Black,SUV,Toyota,4Runner
Sat,2020-05-23T20:05:22Z,FALSE,White,Truck,Chevy,Silverado
Sat,2020-05-23T20:05:23Z,FALSE,Black,SUV,Ford,Edge
Sat,2020-05-23T20:05:26Z,FALSE,Grey,Sedan,Subaru,BRZ
Sat,2020-05-23T20:05:27Z,FALSE,White,SUV,Toyota,Venza
Sat,2020-05-23T20:05:29Z,FALSE,Black,SUV,Honda,CR-V
Sat,2020-05-23T20:05:29Z,FALSE,Black,SUV,Porsche,Macon
Sat,2020-05-23T20:05:29Z,FALSE,Green,Sedan,BMW,3-Series
Sat,2020-05-23T20:05:30Z,FALSE,Black,Hatch,Volkswagen,Golf
Sat,2020-05-23T20:05:31Z,FALSE,White,Sedan,Infiniti,G37
Sat,2020-05-23T20:05:31Z,FALSE,White,Sedan,Chevy,Impala
Sat,2020-05-23T20:05:33Z,FALSE,White,SUV,NA,NA
Sat,2020-05-23T20:05:33Z,FALSE,Grey,Truck,Chevy,Silverado
Sat,2020-05-23T20:05:33Z,FALSE,Black,Truck,Dodge,Ram
Sat,2020-05-23T20:05:34Z,FALSE,Silver,Hatch,Toyota,Prius
Sat,2020-05-23T20:05:35Z,FALSE,Grey,Sedan,Hyundai,Elantra
Sat,2020-05-23T20:05:35Z,FALSE,White,Minivan,Honda,Odyssey
Sat,2020-05-23T20:05:36Z,FALSE,Beige,Sedan,Buick,LaCrosse
Sat,2020-05-23T20:05:36Z,FALSE,Red,Sedan,Chevy,Cruze
Sat,2020-05-23T20:05:36Z,FALSE,Silver,Truck,Ford,F-250
Sat,2020-05-23T20:05:36Z,FALSE,Black,Sedan,Honda,Accord
Sat,2020-05-23T20:05:37Z,FALSE,Grey,SUV,Toyota,Highlander
Sat,2020-05-23T20:05:38Z,FALSE,White,Truck,Ford,F-150
Sat,2020-05-23T20:05:39Z,FALSE,White,SUV,Audi,Q7
Sat,2020-05-23T20:05:39Z,FALSE,White,Hatch,Subaru,Outback
Sat,2020-05-23T20:05:40Z,FALSE,Blue,SUV,Ford,Explorer
Sat,2020-05-23T20:05:41Z,FALSE,White,Truck,Chevy,Silverado
Sat,2020-05-23T20:05:41Z,FALSE,Silver,SUV,Honda,Pilot
Sat,2020-05-23T20:05:43Z,FALSE,Grey,Sedan,Toyota,Corolla
Sat,2020-05-23T20:05:43Z,FALSE,White,Truck,Ford,F-250
Sat,2020-05-23T20:05:44Z,FALSE,Grey,Truck,Ford,F-150
Sat,2020-05-23T20:05:44Z,FALSE,Green,Sedan,Toyota,Camry
Sat,2020-05-23T20:05:46Z,FALSE,Green,Hatch,Subaru,Forester
Sat,2020-05-23T20:05:48Z,FALSE,Grey,Sedan,Toyota,Camry
Sat,2020-05-23T20:05:50Z,FALSE,Silver,Sedan,Lexus,ES
Sat,2020-05-23T20:05:50Z,FALSE,Beige,Sedan,Toyota,Camry
Sat,2020-05-23T20:05:51Z,FALSE,Grey,SUV,Land Rover,Discovery
Sat,2020-05-23T20:05:52Z,FALSE,White,Truck,Toyota,Tacoma
Sat,2020-05-23T20:05:56Z,TRUE,White,Truck,Toyota,Tacoma
Sat,2020-05-23T20:05:56Z,FALSE,Silver,SUV,Lexus,RX
Sat,2020-05-23T20:05:57Z,FALSE,Red,Sedan,Toyota,Camry
Sat,2020-05-23T20:05:58Z,FALSE,Blue,Hatch,Subaru,Forester
Sat,2020-05-23T20:05:58Z,FALSE,Grey,Sedan,Nissan,Altima
Sat,2020-05-23T20:06:00Z,FALSE,White,SUV,Mazda,CX-5
Sat,2020-05-23T20:06:00Z,FALSE,Red,SUV,Chevy,Tahoe
Sat,2020-05-23T20:06:00Z,FALSE,Black,Sedan,Chevy,Malibu
Sat,2020-05-23T20:06:02Z,FALSE,Black,SUV,Mitsubishi,Outlander
Sat,2020-05-23T20:06:02Z,FALSE,White,Truck,Ford,F-150
Sat,2020-05-23T20:06:03Z,FALSE,White,Van,Ford,Transit
Sat,2020-05-23T20:06:03Z,FALSE,White,SUV,NA,NA
Sat,2020-05-23T20:06:03Z,FALSE,White,SUV,Toyota,Rav-4
Sat,2020-05-23T20:06:04Z,FALSE,Red,SUV,Mazda,CX-5
Sat,2020-05-23T20:06:07Z,FALSE,White,SUV,Acura,MDX
Sat,2020-05-23T20:06:07Z,FALSE,Silver,Hatch,Subaru,Outback
Sat,2020-05-23T20:06:08Z,FALSE,White,Hatch,Lexus,CT
Sat,2020-05-23T20:06:08Z,FALSE,Beige,Sedan,Buick,LaCrosse
Sat,2020-05-23T20:06:09Z,FALSE,Silver,Truck,Ford,Ranger
Sat,2020-05-23T20:06:09Z,TRUE,White,Truck,GMC,Sierra
Sat,2020-05-23T20:06:10Z,FALSE,White,SUV,Jeep,Cherokee
Sat,2020-05-23T20:06:10Z,FALSE,White,SUV,Ford,Escape
Sat,2020-05-23T20:06:11Z,FALSE,Black,SUV,Toyota,Sequoia
Sat,2020-05-23T20:06:17Z,FALSE,Silver,Hatch,Scion,xB
Sat,2020-05-23T20:06:18Z,FALSE,White,Sedan,Honda,Accord
Sat,2020-05-23T20:06:20Z,FALSE,White,SUV,Mercedes,GLK-Class
Sat,2020-05-23T20:06:20Z,FALSE,Grey,Sedan,Nissan,Sentra
Sat,2020-05-23T20:06:20Z,FALSE,Silver,SUV,Ford,Expedition
Sat,2020-05-23T20:06:21Z,FALSE,Beige,SUV,Hyundai,Santa Fe
Sat,2020-05-23T20:06:22Z,FALSE,White,Sedan,BMW,3-Series
Sat,2020-05-23T20:06:25Z,FALSE,Grey,Truck,Ford,Ranger
Sat,2020-05-23T20:06:25Z,FALSE,Grey,Truck,Ford,F-150
Sat,2020-05-23T20:06:26Z,FALSE,Grey,SUV,Jeep,Cherokee
Sat,2020-05-23T20:06:26Z,FALSE,White,SUV,Mercedes,GLK-Class
Sat,2020-05-23T20:06:27Z,FALSE,Grey,Hatch,Kia,Soul
Sat,2020-05-23T20:06:27Z,FALSE,Silver,Sedan,Nissan,Altima
Sat,2020-05-23T20:06:28Z,FALSE,Green,SUV,Honda,CR-V
Sat,2020-05-23T20:06:28Z,FALSE,Black,Hatch,Ford,Focus
Sat,2020-05-23T20:06:30Z,FALSE,Blue,SUV,Lexus,RX
Sat,2020-05-23T20:06:30Z,FALSE,Green,SUV,Jeep,Wrangler
Sat,2020-05-23T20:06:31Z,FALSE,Black,Sedan,Porsche,Panamera
Sat,2020-05-23T20:06:31Z,FALSE,White,Sedan,NA,NA
Sat,2020-05-23T20:06:32Z,FALSE,Black,Sedan,Porsche,Panamera
Sat,2020-05-23T20:06:32Z,FALSE,Silver,Sedan,Hyundai,NA
Sat,2020-05-23T20:06:35Z,FALSE,White,Sedan,Mercedes,NA
Sat,2020-05-23T20:06:35Z,FALSE,Black,SUV,Lexus,NX
Sat,2020-05-23T20:06:34Z,FALSE,White,Sedan,Infiniti,G37
Sat,2020-05-23T20:06:36Z,TRUE,White,Van,Chevy,Express
Sat,2020-05-23T20:06:39Z,FALSE,Black,SUV,Honda,CR-V
Sat,2020-05-23T20:06:39Z,FALSE,Black,Sedan,Chevy,Corvette
Sat,2020-05-23T20:06:39Z,FALSE,Red,Sedan,Volkswagen,Beetle
Sat,2020-05-23T20:06:40Z,FALSE,Grey,Sedan,Honda,Civic
Sat,2020-05-23T20:06:41Z,FALSE,Silver,SUV,Toyota,Highlander
Sat,2020-05-23T20:06:42Z,FALSE,Grey,Sedan,Honda,Accord
Sat,2020-05-23T20:06:44Z,FALSE,Red,SUV,Chevy,Equinox
Sat,2020-05-23T20:06:45Z,TRUE,Yellow,Hatch,Scion,xB
Sat,2020-05-23T20:06:45Z,FALSE,Grey,SUV,Toyota,4Runner
Sat,2020-05-23T20:06:45Z,FALSE,Grey,Sedan,Hyundai,Elantra
Sat,2020-05-23T20:06:47Z,FALSE,White,Sedan,Toyota,Corolla
Sat,2020-05-23T20:06:47Z,FALSE,Black,Sedan,Toyota,Corolla
Sat,2020-05-23T20:06:48Z,FALSE,Red,Sedan,Toyota,Corolla
Sat,2020-05-23T20:06:49Z,FALSE,Silver,Sedan,Toyota,Camry
Sat,2020-05-23T20:06:49Z,TRUE,White,Van,Ford,E-250
Sat,2020-05-23T20:06:50Z,FALSE,Silver,Sedan,Honda,Accord
Sat,2020-05-23T20:06:52Z,FALSE,Black,Sedan,Jaguar,XF
Sat,2020-05-23T20:06:52Z,FALSE,Silver,SUV,Buick,Encore
Sat,2020-05-23T20:06:52Z,FALSE,Silver,SUV,Ford,Escape
Sat,2020-05-23T20:06:56Z,FALSE,Grey,SUV,Nissan,Rogue
Sat,2020-05-23T20:06:56Z,FALSE,White,Van,Dodge,Ram
Sat,2020-05-23T20:06:57Z,FALSE,White,SUV,Audi,Q7
Sat,2020-05-23T20:06:57Z,TRUE,White,Truck,Chevy,Silverado
Sat,2020-05-23T20:06:58Z,FALSE,Silver,SUV,Jeep,Renegade
Sat,2020-05-23T20:06:59Z,FALSE,Beige,Sedan,Ford,Crown Victoria
Sat,2020-05-23T20:07:00Z,FALSE,Black,SUV,Audi,Q5
Sat,2020-05-23T20:07:01Z,FALSE,White,SUV,Mercedes,NA
Sat,2020-05-23T20:07:02Z,FALSE,White,Minivan,Honda,Odyssey
Sat,2020-05-23T20:07:02Z,TRUE,White,Minivan,Dodge,Grand Caravan
Sat,2020-05-23T20:07:03Z,FALSE,White,Sedan,NA,NA
Sat,2020-05-23T20:07:04Z,FALSE,Red,Sedan,NA,NA
Sat,2020-05-23T20:07:06Z,FALSE,Blue,SUV,Honda,CR-V
Sat,2020-05-23T20:07:07Z,FALSE,Silver,SUV,Honda,CR-V
Sat,2020-05-23T20:07:08Z,FALSE,Grey,SUV,Nissan,Rogue
Sat,2020-05-23T20:07:08Z,FALSE,Beige,SUV,Mazda,Tribute
Sat,2020-05-23T20:07:09Z,FALSE,Grey,Sedan,Ford,Fusion
Sat,2020-05-23T20:07:09Z,FALSE,White,Truck,Toyota,Tundra
Sat,2020-05-23T20:07:10Z,TRUE,White,Truck,Nissan,Titan
Sat,2020-05-23T20:07:10Z,FALSE,Black,SUV,Mazda,NA
Sat,2020-05-23T20:07:10Z,FALSE,Blue,Hatch,Hyundai,Accent
Sat,2020-05-23T20:07:14Z,FALSE,Silver,SUV,NA,NA
Sat,2020-05-23T20:07:18Z,FALSE,White,SUV,Ford,Escape
